{
  "members": [
    "persistence",
    "climatology",
    "analog",
    "convlstm"
  ],
  "horizon": 7,
  "alpha": 0.1,
  "weights": {
    "rainfall": {
      "1": {
        "persistence": 0.020084560203337612,
        "climatology": 0.02703620898799507,
        "analog": 0.1662441300153073,
        "convlstm": 0.78663510079336
      },
      "2": {
        "persistence": 0.04224521594024551,
        "climatology": 0.09781024820360097,
        "analog": 0.2347167895897775,
        "convlstm": 0.625227746266376
      },
      "3": {
        "persistence": 0.03477453089605015,
        "climatology": 0.19326152062980823,
        "analog": 0.3537876086031726,
        "convlstm": 0.418176339870969
      },
      "4": {
        "persistence": 0.016488320009667906,
        "climatology": 0.1633433726598133,
        "analog": 0.386151033772587,
        "convlstm": 0.43401727355793174
      },
      "5": {
        "persistence": 0.0,
        "climatology": 0.3340175488353304,
        "analog": 0.2686809596507974,
        "convlstm": 0.3973014915138722
      },
      "6": {
        "persistence": 0.010595655872734836,
        "climatology": 0.1988666097185805,
        "analog": 0.4416039898716532,
        "convlstm": 0.34893374453703146
      },
      "7": {
        "persistence": 0.034554264547315056,
        "climatology": 0.35064250728443136,
        "analog": 0.3995952189429403,
        "convlstm": 0.2152080092253133
      }
    },
    "tmax": {
      "1": {
        "persistence": 0.45166297830191804,
        "climatology": 0.08898495545959358,
        "analog": 0.22365802857167338,
        "convlstm": 0.23569403766681501
      },
      "2": {
        "persistence": 0.2949429039970544,
        "climatology": 0.1867505548511532,
        "analog": 0.29836241130226737,
        "convlstm": 0.21994412984952505
      },
      "3": {
        "persistence": 0.2751935838285821,
        "climatology": 0.2853311334205053,
        "analog": 0.23528760015166716,
        "convlstm": 0.2041876825992455
      },
      "4": {
        "persistence": 0.1769871130803811,
        "climatology": 0.28297659056178537,
        "analog": 0.35950274362884893,
        "convlstm": 0.18053355272898466
      },
      "5": {
        "persistence": 0.1525771679006247,
        "climatology": 0.36923641639373056,
        "analog": 0.31823043319095945,
        "convlstm": 0.15995598251468524
      },
      "6": {
        "persistence": 0.13338825676511212,
        "climatology": 0.3832095708435097,
        "analog": 0.41369521351677935,
        "convlstm": 0.06970695887459882
      },
      "7": {
        "persistence": 0.10156841510303578,
        "climatology": 0.41518180215607997,
        "analog": 0.4191036805420688,
        "convlstm": 0.06414610219881546
      }
    },
    "tmin": {
      "1": {
        "persistence": 0.17655793600652572,
        "climatology": 0.05735911264357772,
        "analog": 0.4114182031515125,
        "convlstm": 0.3546647481983839
      },
      "2": {
        "persistence": 0.014512529652908912,
        "climatology": 0.1087820178997455,
        "analog": 0.6978632744462998,
        "convlstm": 0.17884217800104588
      },
      "3": {
        "persistence": 0.11080541985310291,
        "climatology": 0.3279036149356343,
        "analog": 0.47413030044887156,
        "convlstm": 0.08716066476239115
      },
      "4": {
        "persistence": 0.047445866095090564,
        "climatology": 0.40969129335533083,
        "analog": 0.43807396293598194,
        "convlstm": 0.10478887761359665
      },
      "5": {
        "persistence": 0.029165736878618773,
        "climatology": 0.5179182959819112,
        "analog": 0.45291596713946997,
        "convlstm": 0.0
      },
      "6": {
        "persistence": 0.020078518747508857,
        "climatology": 0.5308994566269041,
        "analog": 0.40700763118222644,
        "convlstm": 0.042014393443360505
      },
      "7": {
        "persistence": 0.006959082326850962,
        "climatology": 0.5765677093836848,
        "analog": 0.40149291454310304,
        "convlstm": 0.014980293746361298
      }
    }
  },
  "conformal_halfwidth": {
    "rainfall": {
      "1": 4.355536643665282,
      "2": 5.179783813736523,
      "3": 5.256392926819227,
      "4": 5.213992522545036,
      "5": 5.18620557076882,
      "6": 5.396534967170751,
      "7": 5.65288248409531
    },
    "tmax": {
      "1": 2.5956114274632864,
      "2": 3.173762633139703,
      "3": 3.7434651633467135,
      "4": 4.161597940046331,
      "5": 4.22557437735461,
      "6": 4.117906428327387,
      "7": 4.028342289567414
    },
    "tmin": {
      "1": 1.5875897880312577,
      "2": 2.5580871175652042,
      "3": 2.620593774807482,
      "4": 3.1503934009900143,
      "5": 2.897767502601318,
      "6": 3.170421325028032,
      "7": 2.9340593502663133
    }
  },
  "calib_coverage": {
    "rainfall": {
      "1": 0.89996114996115,
      "2": 0.89996114996115,
      "3": 0.89996114996115,
      "4": 0.89996114996115,
      "5": 0.89996114996115,
      "6": 0.89996114996115,
      "7": 0.89996114996115
    },
    "tmax": {
      "1": 0.89996114996115,
      "2": 0.89996114996115,
      "3": 0.89996114996115,
      "4": 0.89996114996115,
      "5": 0.89996114996115,
      "6": 0.89996114996115,
      "7": 0.89996114996115
    },
    "tmin": {
      "1": 0.89996114996115,
      "2": 0.89996114996115,
      "3": 0.89996114996115,
      "4": 0.89996114996115,
      "5": 0.89996114996115,
      "6": 0.89996114996115,
      "7": 0.89996114996115
    }
  },
  "test_coverage": {
    "rainfall": {
      "1": 0.8948097216253641,
      "2": 0.9143866685766127,
      "3": 0.9015184071049993,
      "4": 0.9020913909182066,
      "5": 0.8953588311130211,
      "6": 0.9095401804899012,
      "7": 0.8957408203218259
    },
    "tmax": {
      "1": 0.9270639354438237,
      "2": 0.9002769421763835,
      "3": 0.9072959938881726,
      "4": 0.9171322160148976,
      "5": 0.8961228095306307,
      "6": 0.8849734994986391,
      "7": 0.8700759203552499
    },
    "tmin": {
      "1": 0.891968676884878,
      "2": 0.9386907319868214,
      "3": 0.9039535883111303,
      "4": 0.9401231915198396,
      "5": 0.8991071002244186,
      "6": 0.9311941937640261,
      "7": 0.8916821849782743
    }
  },
  "split": {
    "fit_years": [
      2019,
      2020
    ],
    "calib_years": [
      2021,
      2021
    ],
    "test_years": [
      2022,
      2023
    ]
  },
  "note": "Non-negative stacking weights fit on VAL 2019\u20132020; split-conformal 90% half-widths on the disjoint VAL 2021 slice. TEST (2022\u20132023) untouched."
}