{
  "members": [
    "persistence",
    "climatology",
    "analog",
    "convlstm"
  ],
  "horizon": 7,
  "alpha": 0.1,
  "weights": {
    "rainfall": {
      "1": {
        "persistence": 0.02609198654817595,
        "climatology": 0.03888178320609445,
        "analog": 0.2181644023481179,
        "convlstm": 0.7168618278976118
      },
      "2": {
        "persistence": 0.05150404801266501,
        "climatology": 0.10430885769526504,
        "analog": 0.2518815502720472,
        "convlstm": 0.5923055440200227
      },
      "3": {
        "persistence": 0.03841592022957168,
        "climatology": 0.2007169734140232,
        "analog": 0.36605570716783925,
        "convlstm": 0.39481139918856595
      },
      "4": {
        "persistence": 0.015344641089270167,
        "climatology": 0.1644047718705776,
        "analog": 0.4064211846174424,
        "convlstm": 0.41382940242270977
      },
      "5": {
        "persistence": 0.0,
        "climatology": 0.3476245977800739,
        "analog": 0.26733520962383955,
        "convlstm": 0.3850401925960866
      },
      "6": {
        "persistence": 0.010420354471214886,
        "climatology": 0.2266716609948381,
        "analog": 0.48767179348564815,
        "convlstm": 0.27523619104829883
      },
      "7": {
        "persistence": 0.034784501468678466,
        "climatology": 0.3510797692543332,
        "analog": 0.4003109628549944,
        "convlstm": 0.21382476642199388
      }
    },
    "tmax": {
      "1": {
        "persistence": 0.5547834313207755,
        "climatology": 0.09525775688435321,
        "analog": 0.2601515901227112,
        "convlstm": 0.08980722167216017
      },
      "2": {
        "persistence": 0.4031500504671617,
        "climatology": 0.2237626944161509,
        "analog": 0.3568901121239185,
        "convlstm": 0.01619714299276892
      },
      "3": {
        "persistence": 0.3573627277905824,
        "climatology": 0.3457497726905905,
        "analog": 0.29688749951882715,
        "convlstm": 0.0
      },
      "4": {
        "persistence": 0.23465685954632115,
        "climatology": 0.3562537875502675,
        "analog": 0.4090893529034114,
        "convlstm": 0.0
      },
      "5": {
        "persistence": 0.18969578773739415,
        "climatology": 0.44513523521176684,
        "analog": 0.365168977050839,
        "convlstm": 0.0
      },
      "6": {
        "persistence": 0.1448061982533755,
        "climatology": 0.4191948405361381,
        "analog": 0.4359989612104864,
        "convlstm": 0.0
      },
      "7": {
        "persistence": 0.1082263481836432,
        "climatology": 0.4493144841007824,
        "analog": 0.4424591677155745,
        "convlstm": 0.0
      }
    },
    "tmin": {
      "1": {
        "persistence": 0.03414800274944333,
        "climatology": 0.0035607505993629253,
        "analog": 0.2973253810995151,
        "convlstm": 0.6649658655516787
      },
      "2": {
        "persistence": 0.0,
        "climatology": 0.05640585386434947,
        "analog": 0.5509612721043812,
        "convlstm": 0.39263287403126945
      },
      "3": {
        "persistence": 0.09334138267527294,
        "climatology": 0.2844894183129381,
        "analog": 0.4144720123400113,
        "convlstm": 0.20769718667177778
      },
      "4": {
        "persistence": 0.03261493673034648,
        "climatology": 0.3906996471288099,
        "analog": 0.43602222135317487,
        "convlstm": 0.14066319478766884
      },
      "5": {
        "persistence": 0.030192349110786856,
        "climatology": 0.49958126304304795,
        "analog": 0.43641371361782433,
        "convlstm": 0.03381267422834088
      },
      "6": {
        "persistence": 0.014679770712717196,
        "climatology": 0.5552257768680099,
        "analog": 0.43009445241927297,
        "convlstm": 0.0
      },
      "7": {
        "persistence": 0.005313247576512825,
        "climatology": 0.5860760788078754,
        "analog": 0.4086106736156118,
        "convlstm": 0.0
      }
    }
  },
  "conformal_halfwidth": {
    "rainfall": {
      "1": 4.825262221648513,
      "2": 5.62057802336282,
      "3": 5.571336789898917,
      "4": 5.536238616302977,
      "5": 5.526746129570457,
      "6": 5.7140839787976665,
      "7": 5.816591791574742
    },
    "tmax": {
      "1": 2.6216421674109984,
      "2": 3.277399307567717,
      "3": 3.828038612448631,
      "4": 4.220478586967287,
      "5": 4.315555290214602,
      "6": 4.141378938114062,
      "7": 4.034888650012997
    },
    "tmin": {
      "1": 1.6178766787396839,
      "2": 2.42925535560769,
      "3": 2.5741832434956406,
      "4": 3.1397647291553663,
      "5": 2.8807895691756014,
      "6": 3.1985537457489093,
      "7": 2.9400904645500945
    }
  },
  "calib_coverage": {
    "rainfall": {
      "1": 0.89996114996115,
      "2": 0.89996114996115,
      "3": 0.89996114996115,
      "4": 0.89996114996115,
      "5": 0.89996114996115,
      "6": 0.89996114996115,
      "7": 0.89996114996115
    },
    "tmax": {
      "1": 0.89996114996115,
      "2": 0.89996114996115,
      "3": 0.89996114996115,
      "4": 0.89996114996115,
      "5": 0.89996114996115,
      "6": 0.89996114996115,
      "7": 0.89996114996115
    },
    "tmin": {
      "1": 0.89996114996115,
      "2": 0.89996114996115,
      "3": 0.89996114996115,
      "4": 0.89996114996115,
      "5": 0.89996114996115,
      "6": 0.89996114996115,
      "7": 0.89996114996115
    }
  },
  "test_coverage": {
    "rainfall": {
      "1": 0.8967196676693884,
      "2": 0.9142195482977606,
      "3": 0.8991548488755192,
      "4": 0.8998949529675787,
      "5": 0.8956453230196247,
      "6": 0.9088000763978418,
      "7": 0.8959556892517786
    },
    "tmax": {
      "1": 0.9273026786993267,
      "2": 0.9058635343551544,
      "3": 0.9097073007687533,
      "4": 0.9173232106193,
      "5": 0.8996800840376259,
      "6": 0.8854509860096452,
      "7": 0.8736809435133458
    },
    "tmin": {
      "1": 0.8995368380843242,
      "2": 0.9217160865205558,
      "3": 0.8998949529675787,
      "4": 0.9395979563577329,
      "5": 0.8981760015279568,
      "6": 0.9315761829728311,
      "7": 0.8926610323258368
    }
  },
  "split": {
    "fit_years": [
      2019,
      2020
    ],
    "calib_years": [
      2021,
      2021
    ],
    "test_years": [
      2022,
      2023
    ]
  },
  "note": "Non-negative stacking weights fit on VAL 2019\u20132020; split-conformal 90% half-widths on the disjoint VAL 2021 slice. TEST (2022\u20132023) untouched."
}